status,match_method,match_confidence,match_score,pre_index,post_index,pre_tuid,post_tuid,tuid_changed,text_changed,pre_text_hash,post_text_hash,pre_tag_count,post_tag_count,tag_count_delta,pre_tag_types,post_tag_types,pre_langs,post_langs,prop_types_pre,prop_types_post,has_dom_nesting_pre,has_dom_nesting_post
MATCHED,alignment_text_fingerprint,high,,0,0,C-001,OoyEMZ4BXb1gYwgPMsf7,Y,Y,47b71bfbefbad855,a71284f595ca949b,20,18,-2,bpt;bpt;bpt;bpt;bpt;bpt;bpt;bpt;ept;ept;ept;ept;ept;ept;ept;ept;it;it;ph;ph,bpt;bpt;bpt;bpt;bpt;bpt;bpt;bpt;ept;ept;ept;ept;ept;ept;ept;ept;ph;ph,en-ca;fr-ca,en-CA;fr-CA,aligned;client;corrected;domain;project;subject;x-source;x-tag-complexity;x-tmx-group,,False,False
MATCHED,alignment_text_fingerprint,high,,1,1,C-002,O4yEMZ4BXb1gYwgPMsf7,Y,Y,8f9cb0827a6f07e9,7be03cd1911537df,20,18,-2,bpt;bpt;bpt;bpt;bpt;bpt;bpt;bpt;ept;ept;ept;ept;ept;ept;ept;ept;it;it;ph;ph,bpt;bpt;bpt;bpt;bpt;bpt;bpt;bpt;ept;ept;ept;ept;ept;ept;ept;ept;ph;ph,en-ca;fr-ca,en-CA;fr-CA,aligned;client;corrected;domain;project;subject;x-source;x-tag-complexity;x-tmx-group,,False,False
MATCHED,alignment_text_fingerprint,high,,2,2,C-003,PIyEMZ4BXb1gYwgPMsf7,Y,Y,649ec796826db33a,c842743d40952ceb,20,18,-2,bpt;bpt;bpt;bpt;bpt;bpt;bpt;bpt;ept;ept;ept;ept;ept;ept;ept;ept;it;it;ph;ph,bpt;bpt;bpt;bpt;bpt;bpt;bpt;bpt;ept;ept;ept;ept;ept;ept;ept;ept;ph;ph,en-ca;fr-ca,en-CA;fr-CA,aligned;client;corrected;domain;project;subject;x-source;x-tag-complexity;x-tmx-group,,False,False
MATCHED,alignment_text_fingerprint,high,,3,3,C-004,PYyEMZ4BXb1gYwgPMsf7,Y,Y,ae5ad1136c9773ac,4b8d5682353bad8f,20,18,-2,bpt;bpt;bpt;bpt;bpt;bpt;bpt;bpt;ept;ept;ept;ept;ept;ept;ept;ept;it;it;ph;ph,bpt;bpt;bpt;bpt;bpt;bpt;bpt;bpt;ept;ept;ept;ept;ept;ept;ept;ept;ph;ph,en-ca;fr-ca,en-CA;fr-CA,aligned;client;corrected;domain;project;subject;x-source;x-tag-complexity;x-tmx-group,,False,False
MATCHED,alignment_text_fingerprint,high,,4,4,C-005,PoyEMZ4BXb1gYwgPMsf7,Y,Y,2c6e180ffa53f8a4,b8e95469106faf75,20,18,-2,bpt;bpt;bpt;bpt;bpt;bpt;bpt;bpt;ept;ept;ept;ept;ept;ept;ept;ept;it;it;ph;ph,bpt;bpt;bpt;bpt;bpt;bpt;bpt;bpt;ept;ept;ept;ept;ept;ept;ept;ept;ph;ph,en-ca;fr-ca,en-CA;fr-CA,aligned;client;corrected;domain;project;subject;x-source;x-tag-complexity;x-tmx-group,,False,False
MATCHED,alignment_text_fingerprint,high,,5,5,C-006,P4yEMZ4BXb1gYwgPMsf7,Y,Y,21da47aa680f4e61,90f90b3621adab13,20,18,-2,bpt;bpt;bpt;bpt;bpt;bpt;bpt;bpt;ept;ept;ept;ept;ept;ept;ept;ept;it;it;ph;ph,bpt;bpt;bpt;bpt;bpt;bpt;bpt;bpt;ept;ept;ept;ept;ept;ept;ept;ept;ph;ph,en-ca;fr-ca,en-CA;fr-CA,aligned;client;corrected;domain;project;subject;x-source;x-tag-complexity;x-tmx-group,,False,False
MATCHED,alignment_text_fingerprint,high,,6,6,C-007,QIyEMZ4BXb1gYwgPMsf7,Y,Y,4e70dfccc76a62ab,ff331a0bcf8e1e1b,20,18,-2,bpt;bpt;bpt;bpt;bpt;bpt;bpt;bpt;ept;ept;ept;ept;ept;ept;ept;ept;it;it;ph;ph,bpt;bpt;bpt;bpt;bpt;bpt;bpt;bpt;ept;ept;ept;ept;ept;ept;ept;ept;ph;ph,en-ca;fr-ca,en-CA;fr-CA,aligned;client;corrected;domain;project;subject;x-source;x-tag-complexity;x-tmx-group,,False,False
MATCHED,alignment_text_fingerprint,high,,7,7,C-008,QYyEMZ4BXb1gYwgPMsf7,Y,Y,bdf2194d334f78db,45955d13c677dec1,20,18,-2,bpt;bpt;bpt;bpt;bpt;bpt;bpt;bpt;ept;ept;ept;ept;ept;ept;ept;ept;it;it;ph;ph,bpt;bpt;bpt;bpt;bpt;bpt;bpt;bpt;ept;ept;ept;ept;ept;ept;ept;ept;ph;ph,en-ca;fr-ca,en-CA;fr-CA,aligned;client;corrected;domain;project;subject;x-source;x-tag-complexity;x-tmx-group,,False,False
MATCHED,alignment_text_fingerprint,high,,8,8,C-009,QoyEMZ4BXb1gYwgPMsf7,Y,Y,0d28f2574d400e80,7fff887fd726c47b,20,18,-2,bpt;bpt;bpt;bpt;bpt;bpt;bpt;bpt;ept;ept;ept;ept;ept;ept;ept;ept;it;it;ph;ph,bpt;bpt;bpt;bpt;bpt;bpt;bpt;bpt;ept;ept;ept;ept;ept;ept;ept;ept;ph;ph,en-ca;fr-ca,en-CA;fr-CA,aligned;client;corrected;domain;project;subject;x-source;x-tag-complexity;x-tmx-group,,False,False
MATCHED,alignment_text_fingerprint,high,,9,9,C-010,Q4yEMZ4BXb1gYwgPMsf7,Y,Y,8ca5402693292fdf,c23394960880daf4,20,18,-2,bpt;bpt;bpt;bpt;bpt;bpt;bpt;bpt;ept;ept;ept;ept;ept;ept;ept;ept;it;it;ph;ph,bpt;bpt;bpt;bpt;bpt;bpt;bpt;bpt;ept;ept;ept;ept;ept;ept;ept;ept;ph;ph,en-ca;fr-ca,en-CA;fr-CA,aligned;client;corrected;domain;project;subject;x-source;x-tag-complexity;x-tmx-group,,False,False
MATCHED,alignment_text_fingerprint,high,,10,10,C-011,RIyEMZ4BXb1gYwgPMsf7,Y,Y,05a21edeb53da230,3c293b592813090b,20,18,-2,bpt;bpt;bpt;bpt;bpt;bpt;bpt;bpt;ept;ept;ept;ept;ept;ept;ept;ept;it;it;ph;ph,bpt;bpt;bpt;bpt;bpt;bpt;bpt;bpt;ept;ept;ept;ept;ept;ept;ept;ept;ph;ph,en-ca;fr-ca,en-CA;fr-CA,aligned;client;corrected;domain;project;subject;x-source;x-tag-complexity;x-tmx-group,,False,False
MATCHED,alignment_text_fingerprint,high,,11,11,C-012,RYyEMZ4BXb1gYwgPMsf7,Y,Y,c7b10013108e5e17,01621b2d4fca6dae,20,18,-2,bpt;bpt;bpt;bpt;bpt;bpt;bpt;bpt;ept;ept;ept;ept;ept;ept;ept;ept;it;it;ph;ph,bpt;bpt;bpt;bpt;bpt;bpt;bpt;bpt;ept;ept;ept;ept;ept;ept;ept;ept;ph;ph,en-ca;fr-ca,en-CA;fr-CA,aligned;client;corrected;domain;project;subject;x-source;x-tag-complexity;x-tmx-group,,False,False
MATCHED,alignment_text_fingerprint,high,,12,12,C-013,RoyEMZ4BXb1gYwgPMsf7,Y,Y,670f6e5118c1a311,d35a108aecbb6291,20,18,-2,bpt;bpt;bpt;bpt;bpt;bpt;bpt;bpt;ept;ept;ept;ept;ept;ept;ept;ept;it;it;ph;ph,bpt;bpt;bpt;bpt;bpt;bpt;bpt;bpt;ept;ept;ept;ept;ept;ept;ept;ept;ph;ph,en-ca;fr-ca,en-CA;fr-CA,aligned;client;corrected;domain;project;subject;x-source;x-tag-complexity;x-tmx-group,,False,False
MATCHED,alignment_text_fingerprint,high,,13,13,C-014,R4yEMZ4BXb1gYwgPMsf7,Y,Y,9e50281bb3ca4b96,806095133b3de37b,20,18,-2,bpt;bpt;bpt;bpt;bpt;bpt;bpt;bpt;ept;ept;ept;ept;ept;ept;ept;ept;it;it;ph;ph,bpt;bpt;bpt;bpt;bpt;bpt;bpt;bpt;ept;ept;ept;ept;ept;ept;ept;ept;ph;ph,en-ca;fr-ca,en-CA;fr-CA,aligned;client;corrected;domain;project;subject;x-source;x-tag-complexity;x-tmx-group,,False,False
MATCHED,alignment_text_fingerprint,high,,14,14,C-015,SIyEMZ4BXb1gYwgPMsf7,Y,Y,9a78c7c109bbc6c4,23dd14f79424de2a,20,18,-2,bpt;bpt;bpt;bpt;bpt;bpt;bpt;bpt;ept;ept;ept;ept;ept;ept;ept;ept;it;it;ph;ph,bpt;bpt;bpt;bpt;bpt;bpt;bpt;bpt;ept;ept;ept;ept;ept;ept;ept;ept;ph;ph,en-ca;fr-ca,en-CA;fr-CA,aligned;client;corrected;domain;project;subject;x-source;x-tag-complexity;x-tmx-group,,False,False
MATCHED,alignment_text_fingerprint,high,,15,15,C-016,SYyEMZ4BXb1gYwgPMsf7,Y,Y,e7c7136cf8cbfa32,2f826531bf41c1b7,8,8,0,bpt;bpt;bpt;bpt;ept;ept;ept;ept,bpt;bpt;bpt;bpt;ept;ept;ept;ept,en-ca;fr-ca,en-CA;fr-CA,aligned;client;corrected;domain;project;subject;x-source;x-tag-complexity;x-tmx-group,,False,False
MATCHED,alignment_text_fingerprint,high,,16,16,C-017,SoyEMZ4BXb1gYwgPMsf7,Y,Y,90bb60f7d42d7d5b,c1b71539492c6622,20,18,-2,bpt;bpt;bpt;bpt;bpt;bpt;bpt;bpt;ept;ept;ept;ept;ept;ept;ept;ept;it;it;ph;ph,bpt;bpt;bpt;bpt;bpt;bpt;bpt;bpt;ept;ept;ept;ept;ept;ept;ept;ept;ph;ph,en-ca;fr-ca,en-CA;fr-CA,aligned;client;corrected;domain;project;subject;x-source;x-tag-complexity;x-tmx-group,,False,False
MATCHED,alignment_text_fingerprint,high,,17,17,C-018,S4yEMZ4BXb1gYwgPMsf7,Y,Y,e7e18da5e21d0311,2b7ee3a69ac38a65,20,18,-2,bpt;bpt;bpt;bpt;bpt;bpt;bpt;bpt;ept;ept;ept;ept;ept;ept;ept;ept;it;it;ph;ph,bpt;bpt;bpt;bpt;bpt;bpt;bpt;bpt;ept;ept;ept;ept;ept;ept;ept;ept;ph;ph,en-ca;fr-ca,en-CA;fr-CA,aligned;client;corrected;domain;project;subject;x-source;x-tag-complexity;x-tmx-group,,False,False
MATCHED,alignment_text_fingerprint,high,,18,18,C-019,TIyEMZ4BXb1gYwgPMsf7,Y,Y,5a6fb7b470bfad68,fa09936e718ff45c,12,10,-2,bpt;bpt;bpt;bpt;ept;ept;ept;ept;it;it;ph;ph,bpt;bpt;bpt;bpt;ept;ept;ept;ept;ph;ph,en-ca;fr-ca,en-CA;fr-CA,aligned;client;corrected;domain;project;subject;x-source;x-tag-complexity;x-tmx-group,,False,False
MATCHED,alignment_text_fingerprint,high,,19,19,C-020,TYyEMZ4BXb1gYwgPMsf7,Y,Y,e0d8931df2147676,ac6a0a1c976ee358,20,18,-2,bpt;bpt;bpt;bpt;bpt;bpt;bpt;bpt;ept;ept;ept;ept;ept;ept;ept;ept;it;it;ph;ph,bpt;bpt;bpt;bpt;bpt;bpt;bpt;bpt;ept;ept;ept;ept;ept;ept;ept;ept;ph;ph,en-ca;fr-ca,en-CA;fr-CA,aligned;client;corrected;domain;project;subject;x-source;x-tag-complexity;x-tmx-group,,False,False
MATCHED,alignment_text_fingerprint,high,,20,20,C-021,ToyEMZ4BXb1gYwgPMsf7,Y,Y,b3ed9a54fdfea09e,0dd2c68573e56e71,20,18,-2,bpt;bpt;bpt;bpt;bpt;bpt;bpt;bpt;ept;ept;ept;ept;ept;ept;ept;ept;it;it;ph;ph,bpt;bpt;bpt;bpt;bpt;bpt;bpt;bpt;ept;ept;ept;ept;ept;ept;ept;ept;ph;ph,en-ca;fr-ca,en-CA;fr-CA,aligned;client;corrected;domain;project;subject;x-source;x-tag-complexity;x-tmx-group,,False,False
MATCHED,alignment_text_fingerprint,high,,21,21,C-022,T4yEMZ4BXb1gYwgPMsf7,Y,Y,2075fbd921d09f8f,14825fa5c22512b9,20,18,-2,bpt;bpt;bpt;bpt;bpt;bpt;bpt;bpt;ept;ept;ept;ept;ept;ept;ept;ept;it;it;ph;ph,bpt;bpt;bpt;bpt;bpt;bpt;bpt;bpt;ept;ept;ept;ept;ept;ept;ept;ept;ph;ph,en-ca;fr-ca,en-CA;fr-CA,aligned;client;corrected;domain;project;subject;x-source;x-tag-complexity;x-tmx-group,,False,False
MATCHED,alignment_text_fingerprint,high,,22,22,C-023,UIyEMZ4BXb1gYwgPMsf7,Y,Y,3158580703504a82,39286b596c5be257,20,18,-2,bpt;bpt;bpt;bpt;bpt;bpt;bpt;bpt;ept;ept;ept;ept;ept;ept;ept;ept;it;it;ph;ph,bpt;bpt;bpt;bpt;bpt;bpt;bpt;bpt;ept;ept;ept;ept;ept;ept;ept;ept;ph;ph,en-ca;fr-ca,en-CA;fr-CA,aligned;client;corrected;domain;project;subject;x-source;x-tag-complexity;x-tmx-group,,False,False
MATCHED,alignment_text_fingerprint,high,,23,23,C-024,UYyEMZ4BXb1gYwgPMsf7,Y,Y,31835b5c995fa3bf,cf3cab4a18eb956f,20,18,-2,bpt;bpt;bpt;bpt;bpt;bpt;bpt;bpt;ept;ept;ept;ept;ept;ept;ept;ept;it;it;ph;ph,bpt;bpt;bpt;bpt;bpt;bpt;bpt;bpt;ept;ept;ept;ept;ept;ept;ept;ept;ph;ph,en-ca;fr-ca,en-CA;fr-CA,aligned;client;corrected;domain;project;subject;x-source;x-tag-complexity;x-tmx-group,,False,False
MATCHED,alignment_text_fingerprint,high,,24,24,C-025,UoyEMZ4BXb1gYwgPMsf7,Y,Y,25d58f24f4ba913d,9c6668b441ae2c81,20,18,-2,bpt;bpt;bpt;bpt;bpt;bpt;bpt;bpt;ept;ept;ept;ept;ept;ept;ept;ept;it;it;ph;ph,bpt;bpt;bpt;bpt;bpt;bpt;bpt;bpt;ept;ept;ept;ept;ept;ept;ept;ept;ph;ph,en-ca;fr-ca,en-CA;fr-CA,aligned;client;corrected;domain;project;subject;x-source;x-tag-complexity;x-tmx-group,,False,False
MATCHED,alignment_text_fingerprint,high,,25,25,C-026,U4yEMZ4BXb1gYwgPMsf7,Y,Y,69e573f0b9a6e808,d645f08a2bddc121,20,18,-2,bpt;bpt;bpt;bpt;bpt;bpt;bpt;bpt;ept;ept;ept;ept;ept;ept;ept;ept;it;it;ph;ph,bpt;bpt;bpt;bpt;bpt;bpt;bpt;bpt;ept;ept;ept;ept;ept;ept;ept;ept;ph;ph,en-ca;fr-ca,en-CA;fr-CA,aligned;client;corrected;domain;project;subject;x-source;x-tag-complexity;x-tmx-group,,False,False
MATCHED,alignment_text_fingerprint,high,,26,26,C-027,VIyEMZ4BXb1gYwgPMsf7,Y,Y,4aa650e307d03ea8,24a28976380c5667,20,18,-2,bpt;bpt;bpt;bpt;bpt;bpt;bpt;bpt;ept;ept;ept;ept;ept;ept;ept;ept;it;it;ph;ph,bpt;bpt;bpt;bpt;bpt;bpt;bpt;bpt;ept;ept;ept;ept;ept;ept;ept;ept;ph;ph,en-ca;fr-ca,en-CA;fr-CA,aligned;client;corrected;domain;project;subject;x-source;x-tag-complexity;x-tmx-group,,False,False
MATCHED,alignment_text_fingerprint,high,,27,27,C-028,VYyEMZ4BXb1gYwgPMsf7,Y,Y,c3c66ac5c2999e0a,7e155dee94cd420d,20,18,-2,bpt;bpt;bpt;bpt;bpt;bpt;bpt;bpt;ept;ept;ept;ept;ept;ept;ept;ept;it;it;ph;ph,bpt;bpt;bpt;bpt;bpt;bpt;bpt;bpt;ept;ept;ept;ept;ept;ept;ept;ept;ph;ph,en-ca;fr-ca,en-CA;fr-CA,aligned;client;corrected;domain;project;subject;x-source;x-tag-complexity;x-tmx-group,,False,False
MATCHED,alignment_text_fingerprint,high,,28,28,C-029,VoyEMZ4BXb1gYwgPMsf7,Y,Y,528e9e7e683c0104,e177e9e1bc0a6277,20,18,-2,bpt;bpt;bpt;bpt;bpt;bpt;bpt;bpt;ept;ept;ept;ept;ept;ept;ept;ept;it;it;ph;ph,bpt;bpt;bpt;bpt;bpt;bpt;bpt;bpt;ept;ept;ept;ept;ept;ept;ept;ept;ph;ph,en-ca;fr-ca,en-CA;fr-CA,aligned;client;corrected;domain;project;subject;x-source;x-tag-complexity;x-tmx-group,,False,False
MATCHED,alignment_text_fingerprint,high,,29,29,C-030,V4yEMZ4BXb1gYwgPMsf7,Y,Y,8805eb6ea846c1fc,a3cee9bfc1a40eb5,20,18,-2,bpt;bpt;bpt;bpt;bpt;bpt;bpt;bpt;ept;ept;ept;ept;ept;ept;ept;ept;it;it;ph;ph,bpt;bpt;bpt;bpt;bpt;bpt;bpt;bpt;ept;ept;ept;ept;ept;ept;ept;ept;ph;ph,en-ca;fr-ca,en-CA;fr-CA,aligned;client;corrected;domain;project;subject;x-source;x-tag-complexity;x-tmx-group,,False,False
MATCHED,alignment_text_fingerprint,high,,30,30,C-031,WIyEMZ4BXb1gYwgPMsf7,Y,Y,bf7a6be5afe02fcf,62ec9d77c4c41612,20,18,-2,bpt;bpt;bpt;bpt;bpt;bpt;bpt;bpt;ept;ept;ept;ept;ept;ept;ept;ept;it;it;ph;ph,bpt;bpt;bpt;bpt;bpt;bpt;bpt;bpt;ept;ept;ept;ept;ept;ept;ept;ept;ph;ph,en-ca;fr-ca,en-CA;fr-CA,aligned;client;corrected;domain;project;subject;x-source;x-tag-complexity;x-tmx-group,,False,False
MATCHED,alignment_text_fingerprint,high,,31,31,C-032,WYyEMZ4BXb1gYwgPMsf7,Y,Y,adba379732aceb00,4667cecb3a24a3a7,20,18,-2,bpt;bpt;bpt;bpt;bpt;bpt;bpt;bpt;ept;ept;ept;ept;ept;ept;ept;ept;it;it;ph;ph,bpt;bpt;bpt;bpt;bpt;bpt;bpt;bpt;ept;ept;ept;ept;ept;ept;ept;ept;ph;ph,en-ca;fr-ca,en-CA;fr-CA,aligned;client;corrected;domain;project;subject;x-source;x-tag-complexity;x-tmx-group,,False,False
MATCHED,alignment_text_fingerprint,high,,32,32,C-033,WoyEMZ4BXb1gYwgPMsf7,Y,Y,3d9f2c02ed645ce2,f58d94f2ac540bc6,20,18,-2,bpt;bpt;bpt;bpt;bpt;bpt;bpt;bpt;ept;ept;ept;ept;ept;ept;ept;ept;it;it;ph;ph,bpt;bpt;bpt;bpt;bpt;bpt;bpt;bpt;ept;ept;ept;ept;ept;ept;ept;ept;ph;ph,en-ca;fr-ca,en-CA;fr-CA,aligned;client;corrected;domain;project;subject;x-source;x-tag-complexity;x-tmx-group,,False,False
MATCHED,alignment_text_fingerprint,high,,33,33,C-034,W4yEMZ4BXb1gYwgPMsf7,Y,Y,1e2ad4ae1db0c97b,f28a1b5e0b70236a,20,18,-2,bpt;bpt;bpt;bpt;bpt;bpt;bpt;bpt;ept;ept;ept;ept;ept;ept;ept;ept;it;it;ph;ph,bpt;bpt;bpt;bpt;bpt;bpt;bpt;bpt;ept;ept;ept;ept;ept;ept;ept;ept;ph;ph,en-ca;fr-ca,en-CA;fr-CA,aligned;client;corrected;domain;project;subject;x-source;x-tag-complexity;x-tmx-group,,False,False
MATCHED,alignment_text_fingerprint,high,,34,34,C-035,XIyEMZ4BXb1gYwgPMsf7,Y,Y,6360ffb42d3c0cea,05def5177615e8a0,20,18,-2,bpt;bpt;bpt;bpt;bpt;bpt;bpt;bpt;ept;ept;ept;ept;ept;ept;ept;ept;it;it;ph;ph,bpt;bpt;bpt;bpt;bpt;bpt;bpt;bpt;ept;ept;ept;ept;ept;ept;ept;ept;ph;ph,en-ca;fr-ca,en-CA;fr-CA,aligned;client;corrected;domain;project;subject;x-source;x-tag-complexity;x-tmx-group,,False,False
MATCHED,alignment_text_fingerprint,high,,35,35,C-036,XYyEMZ4BXb1gYwgPMsf7,Y,Y,7722bf7177d5b550,a69d5de424690171,12,10,-2,bpt;bpt;bpt;bpt;ept;ept;ept;ept;it;it;ph;ph,bpt;bpt;bpt;bpt;ept;ept;ept;ept;ph;ph,en-ca;fr-ca,en-CA;fr-CA,aligned;client;corrected;domain;project;subject;x-source;x-tag-complexity;x-tmx-group,,False,False
MATCHED,alignment_text_fingerprint,high,,36,36,C-037,XoyEMZ4BXb1gYwgPMsf7,Y,Y,6a98f3d247c0a0ba,b00d47d879d08002,20,18,-2,bpt;bpt;bpt;bpt;bpt;bpt;bpt;bpt;ept;ept;ept;ept;ept;ept;ept;ept;it;it;ph;ph,bpt;bpt;bpt;bpt;bpt;bpt;bpt;bpt;ept;ept;ept;ept;ept;ept;ept;ept;ph;ph,en-ca;fr-ca,en-CA;fr-CA,aligned;client;corrected;domain;project;subject;x-source;x-tag-complexity;x-tmx-group,,False,False
MATCHED,alignment_text_fingerprint,high,,37,37,C-038,X4yEMZ4BXb1gYwgPMsf7,Y,Y,363ae2dbcf160b4d,4b33c4e38492ed4a,20,18,-2,bpt;bpt;bpt;bpt;bpt;bpt;bpt;bpt;ept;ept;ept;ept;ept;ept;ept;ept;it;it;ph;ph,bpt;bpt;bpt;bpt;bpt;bpt;bpt;bpt;ept;ept;ept;ept;ept;ept;ept;ept;ph;ph,en-ca;fr-ca,en-CA;fr-CA,aligned;client;corrected;domain;project;subject;x-source;x-tag-complexity;x-tmx-group,,False,False
MATCHED,alignment_text_fingerprint,high,,38,38,C-039,YIyEMZ4BXb1gYwgPMsf7,Y,Y,6d9f39c8e5635823,52a208caeb515b50,16,14,-2,bpt;bpt;bpt;bpt;bpt;bpt;ept;ept;ept;ept;ept;ept;it;it;ph;ph,bpt;bpt;bpt;bpt;bpt;bpt;ept;ept;ept;ept;ept;ept;ph;ph,en-ca;fr-ca,en-CA;fr-CA,aligned;client;corrected;domain;project;subject;x-source;x-tag-complexity;x-tmx-group,,False,False
MATCHED,alignment_text_fingerprint,high,,39,39,C-040,YYyEMZ4BXb1gYwgPMsf7,Y,Y,cffb445dd67e290c,bceafb16b4b7d731,20,18,-2,bpt;bpt;bpt;bpt;bpt;bpt;bpt;bpt;ept;ept;ept;ept;ept;ept;ept;ept;it;it;ph;ph,bpt;bpt;bpt;bpt;bpt;bpt;bpt;bpt;ept;ept;ept;ept;ept;ept;ept;ept;ph;ph,en-ca;fr-ca,en-CA;fr-CA,aligned;client;corrected;domain;project;subject;x-source;x-tag-complexity;x-tmx-group,,False,False
MATCHED,alignment_text_fingerprint,high,,40,40,C-041,YoyEMZ4BXb1gYwgPMsf7,Y,Y,07ad953607d68c3c,c0c25c11b8adc963,20,18,-2,bpt;bpt;bpt;bpt;bpt;bpt;bpt;bpt;ept;ept;ept;ept;ept;ept;ept;ept;it;it;ph;ph,bpt;bpt;bpt;bpt;bpt;bpt;bpt;bpt;ept;ept;ept;ept;ept;ept;ept;ept;ph;ph,en-ca;fr-ca,en-CA;fr-CA,aligned;client;corrected;domain;project;subject;x-source;x-tag-complexity;x-tmx-group,,False,False
MATCHED,alignment_text_fingerprint,high,,41,41,C-042,Y4yEMZ4BXb1gYwgPMsf7,Y,Y,cc7501667c82a57b,76db288ce6fcebed,20,18,-2,bpt;bpt;bpt;bpt;bpt;bpt;bpt;bpt;ept;ept;ept;ept;ept;ept;ept;ept;it;it;ph;ph,bpt;bpt;bpt;bpt;bpt;bpt;bpt;bpt;ept;ept;ept;ept;ept;ept;ept;ept;ph;ph,en-ca;fr-ca,en-CA;fr-CA,aligned;client;corrected;domain;project;subject;x-source;x-tag-complexity;x-tmx-group,,False,False
MATCHED,alignment_text_fingerprint,high,,42,42,C-043,ZIyEMZ4BXb1gYwgPMsf7,Y,Y,75fef97e2f17a626,d0e38f8f0d2811c0,20,18,-2,bpt;bpt;bpt;bpt;bpt;bpt;bpt;bpt;ept;ept;ept;ept;ept;ept;ept;ept;it;it;ph;ph,bpt;bpt;bpt;bpt;bpt;bpt;bpt;bpt;ept;ept;ept;ept;ept;ept;ept;ept;ph;ph,en-ca;fr-ca,en-CA;fr-CA,aligned;client;corrected;domain;project;subject;x-source;x-tag-complexity;x-tmx-group,,False,False
MATCHED,alignment_text_fingerprint,high,,43,43,C-044,ZYyEMZ4BXb1gYwgPMsf7,Y,Y,c2336e47ff4d5442,01097ac60d040560,20,18,-2,bpt;bpt;bpt;bpt;bpt;bpt;bpt;bpt;ept;ept;ept;ept;ept;ept;ept;ept;it;it;ph;ph,bpt;bpt;bpt;bpt;bpt;bpt;bpt;bpt;ept;ept;ept;ept;ept;ept;ept;ept;ph;ph,en-ca;fr-ca,en-CA;fr-CA,aligned;client;corrected;domain;project;subject;x-source;x-tag-complexity;x-tmx-group,,False,False
MATCHED,alignment_text_fingerprint,high,,44,44,C-045,ZoyEMZ4BXb1gYwgPMsf7,Y,Y,23d076284831d8ce,f6e2ff4d6012ca29,20,18,-2,bpt;bpt;bpt;bpt;bpt;bpt;bpt;bpt;ept;ept;ept;ept;ept;ept;ept;ept;it;it;ph;ph,bpt;bpt;bpt;bpt;bpt;bpt;bpt;bpt;ept;ept;ept;ept;ept;ept;ept;ept;ph;ph,en-ca;fr-ca,en-CA;fr-CA,aligned;client;corrected;domain;project;subject;x-source;x-tag-complexity;x-tmx-group,,False,False
MATCHED,alignment_text_fingerprint,high,,45,45,C-046,Z4yEMZ4BXb1gYwgPMsf7,Y,Y,a132f3c0d7761921,caeb1ee36f8513a0,20,18,-2,bpt;bpt;bpt;bpt;bpt;bpt;bpt;bpt;ept;ept;ept;ept;ept;ept;ept;ept;it;it;ph;ph,bpt;bpt;bpt;bpt;bpt;bpt;bpt;bpt;ept;ept;ept;ept;ept;ept;ept;ept;ph;ph,en-ca;fr-ca,en-CA;fr-CA,aligned;client;corrected;domain;project;subject;x-source;x-tag-complexity;x-tmx-group,,False,False
MATCHED,alignment_text_fingerprint,high,,46,46,C-047,aIyEMZ4BXb1gYwgPMsf7,Y,Y,bc88edd461d3f595,65d6454dfba4d0e5,20,18,-2,bpt;bpt;bpt;bpt;bpt;bpt;bpt;bpt;ept;ept;ept;ept;ept;ept;ept;ept;it;it;ph;ph,bpt;bpt;bpt;bpt;bpt;bpt;bpt;bpt;ept;ept;ept;ept;ept;ept;ept;ept;ph;ph,en-ca;fr-ca,en-CA;fr-CA,aligned;client;corrected;domain;project;subject;x-source;x-tag-complexity;x-tmx-group,,False,False
MATCHED,alignment_text_fingerprint,high,,47,47,C-048,aYyEMZ4BXb1gYwgPMsf7,Y,Y,1d1068709447b6f3,f77abd85a69104d9,20,18,-2,bpt;bpt;bpt;bpt;bpt;bpt;bpt;bpt;ept;ept;ept;ept;ept;ept;ept;ept;it;it;ph;ph,bpt;bpt;bpt;bpt;bpt;bpt;bpt;bpt;ept;ept;ept;ept;ept;ept;ept;ept;ph;ph,en-ca;fr-ca,en-CA;fr-CA,aligned;client;corrected;domain;project;subject;x-source;x-tag-complexity;x-tmx-group,,False,False
MATCHED,alignment_text_fingerprint,high,,48,48,C-049,aoyEMZ4BXb1gYwgPMsf7,Y,Y,7c08acde51eb1243,62ad6936122cffd8,8,8,0,bpt;bpt;bpt;bpt;ept;ept;ept;ept,bpt;bpt;bpt;bpt;ept;ept;ept;ept,en-ca;fr-ca,en-CA;fr-CA,aligned;client;corrected;domain;project;subject;x-source;x-tag-complexity;x-tmx-group,,False,False
MATCHED,alignment_text_fingerprint,high,,49,49,C-066,a4yEMZ4BXb1gYwgPMsf7,Y,Y,dcd668234214aba1,68bbe920776a2c6c,12,10,-2,bpt;bpt;bpt;bpt;ept;ept;ept;ept;it;it;ph;ph,bpt;bpt;bpt;bpt;ept;ept;ept;ept;ph;ph,en-ca;fr-ca,en-CA;fr-CA,aligned;client;corrected;domain;project;subject;x-source;x-tag-complexity;x-tmx-group,,False,False
MATCHED,alignment_text_fingerprint,high,,50,50,C-051,bIyEMZ4BXb1gYwgPMsf7,Y,Y,ef6862018b424e36,06f0090cc57768da,20,18,-2,bpt;bpt;bpt;bpt;bpt;bpt;bpt;bpt;ept;ept;ept;ept;ept;ept;ept;ept;it;it;ph;ph,bpt;bpt;bpt;bpt;bpt;bpt;bpt;bpt;ept;ept;ept;ept;ept;ept;ept;ept;ph;ph,en-ca;fr-ca,en-CA;fr-CA,aligned;client;corrected;domain;project;subject;x-source;x-tag-complexity;x-tmx-group,,False,False
MATCHED,alignment_text_fingerprint,high,,51,51,C-052,bYyEMZ4BXb1gYwgPMsf7,Y,Y,df4b6e41b324dfea,c4c001576efd865c,20,18,-2,bpt;bpt;bpt;bpt;bpt;bpt;bpt;bpt;ept;ept;ept;ept;ept;ept;ept;ept;it;it;ph;ph,bpt;bpt;bpt;bpt;bpt;bpt;bpt;bpt;ept;ept;ept;ept;ept;ept;ept;ept;ph;ph,en-ca;fr-ca,en-CA;fr-CA,aligned;client;corrected;domain;project;subject;x-source;x-tag-complexity;x-tmx-group,,False,False
MATCHED,alignment_text_fingerprint,high,,52,52,C-053,boyEMZ4BXb1gYwgPMsf7,Y,Y,094b3b4fd4f984f2,a370f79ca8c158ec,20,18,-2,bpt;bpt;bpt;bpt;bpt;bpt;bpt;bpt;ept;ept;ept;ept;ept;ept;ept;ept;it;it;ph;ph,bpt;bpt;bpt;bpt;bpt;bpt;bpt;bpt;ept;ept;ept;ept;ept;ept;ept;ept;ph;ph,en-ca;fr-ca,en-CA;fr-CA,aligned;client;corrected;domain;project;subject;x-source;x-tag-complexity;x-tmx-group,,False,False
MATCHED,alignment_text_fingerprint,high,,53,53,C-054,b4yEMZ4BXb1gYwgPMsf7,Y,Y,ac165da1fd0a9a6d,2ddaebc64bf0807a,20,18,-2,bpt;bpt;bpt;bpt;bpt;bpt;bpt;bpt;ept;ept;ept;ept;ept;ept;ept;ept;it;it;ph;ph,bpt;bpt;bpt;bpt;bpt;bpt;bpt;bpt;ept;ept;ept;ept;ept;ept;ept;ept;ph;ph,en-ca;fr-ca,en-CA;fr-CA,aligned;client;corrected;domain;project;subject;x-source;x-tag-complexity;x-tmx-group,,False,False
MATCHED,alignment_text_fingerprint,high,,54,54,C-055,cIyEMZ4BXb1gYwgPMsf7,Y,Y,181c6a93057bcfb7,09f5cf7bd0d33781,20,18,-2,bpt;bpt;bpt;bpt;bpt;bpt;bpt;bpt;ept;ept;ept;ept;ept;ept;ept;ept;it;it;ph;ph,bpt;bpt;bpt;bpt;bpt;bpt;bpt;bpt;ept;ept;ept;ept;ept;ept;ept;ept;ph;ph,en-ca;fr-ca,en-CA;fr-CA,aligned;client;corrected;domain;project;subject;x-source;x-tag-complexity;x-tmx-group,,False,False
MATCHED,sequence_similarity,high,0.9756,55,55,C-056,cYyEMZ4BXb1gYwgPMsf7,Y,Y,69e8fe41a0c6930b,746a6a6ec98e8fc4,20,18,-2,bpt;bpt;bpt;bpt;bpt;bpt;bpt;bpt;ept;ept;ept;ept;ept;ept;ept;ept;it;it;ph;ph,bpt;bpt;bpt;bpt;bpt;bpt;bpt;bpt;ept;ept;ept;ept;ept;ept;ept;ept;ph;ph,en-ca;fr-ca,en-CA;fr-CA,aligned;client;corrected;domain;project;subject;x-source;x-tag-complexity;x-tmx-group,,False,False
MATCHED,alignment_text_fingerprint,high,,56,56,C-057,coyEMZ4BXb1gYwgPMsf7,Y,Y,790902e35f5d1a69,77c0334fd83ab444,12,10,-2,bpt;bpt;bpt;bpt;ept;ept;ept;ept;it;it;ph;ph,bpt;bpt;bpt;bpt;ept;ept;ept;ept;ph;ph,en-ca;fr-ca,en-CA;fr-CA,aligned;client;corrected;domain;project;subject;x-source;x-tag-complexity;x-tmx-group,,False,False
MATCHED,alignment_text_fingerprint,high,,57,57,C-058,c4yEMZ4BXb1gYwgPMsf7,Y,Y,448a61e3eefc4788,06e20f11d5d94576,18,16,-2,bpt;bpt;bpt;bpt;bpt;bpt;bpt;bpt;ept;ept;ept;ept;ept;ept;ept;ept;it;it,bpt;bpt;bpt;bpt;bpt;bpt;bpt;bpt;ept;ept;ept;ept;ept;ept;ept;ept,en-ca;fr-ca,en-CA;fr-CA,aligned;client;corrected;domain;project;subject;x-source;x-tag-complexity;x-tmx-group,,False,False
MATCHED,alignment_text_fingerprint,high,,58,58,C-059,dIyEMZ4BXb1gYwgPMsf7,Y,Y,07efc2e41b565db9,9627c428acbe9be5,20,18,-2,bpt;bpt;bpt;bpt;bpt;bpt;bpt;bpt;ept;ept;ept;ept;ept;ept;ept;ept;it;it;ph;ph,bpt;bpt;bpt;bpt;bpt;bpt;bpt;bpt;ept;ept;ept;ept;ept;ept;ept;ept;ph;ph,en-ca;fr-ca,en-CA;fr-CA,aligned;client;corrected;domain;project;subject;x-source;x-tag-complexity;x-tmx-group,,False,False
MATCHED,alignment_text_fingerprint,high,,59,59,C-060,dYyEMZ4BXb1gYwgPMsf7,Y,Y,c4b20b9d8c2dd8d3,c07ff41fbb226681,20,18,-2,bpt;bpt;bpt;bpt;bpt;bpt;bpt;bpt;ept;ept;ept;ept;ept;ept;ept;ept;it;it;ph;ph,bpt;bpt;bpt;bpt;bpt;bpt;bpt;bpt;ept;ept;ept;ept;ept;ept;ept;ept;ph;ph,en-ca;fr-ca,en-CA;fr-CA,aligned;client;corrected;domain;project;subject;x-source;x-tag-complexity;x-tmx-group,,False,False
MATCHED,alignment_text_fingerprint,high,,60,60,C-061,doyEMZ4BXb1gYwgPMsf7,Y,Y,17c9b34f4735d4f1,a8b7b9df33efd794,20,18,-2,bpt;bpt;bpt;bpt;bpt;bpt;bpt;bpt;ept;ept;ept;ept;ept;ept;ept;ept;it;it;ph;ph,bpt;bpt;bpt;bpt;bpt;bpt;bpt;bpt;ept;ept;ept;ept;ept;ept;ept;ept;ph;ph,en-ca;fr-ca,en-CA;fr-CA,aligned;client;corrected;domain;project;subject;x-source;x-tag-complexity;x-tmx-group,,False,False
MATCHED,alignment_text_fingerprint,high,,61,61,C-062,d4yEMZ4BXb1gYwgPMsf7,Y,Y,e69a40932fcc21f4,699f52c59907783b,20,18,-2,bpt;bpt;bpt;bpt;bpt;bpt;bpt;bpt;ept;ept;ept;ept;ept;ept;ept;ept;it;it;ph;ph,bpt;bpt;bpt;bpt;bpt;bpt;bpt;bpt;ept;ept;ept;ept;ept;ept;ept;ept;ph;ph,en-ca;fr-ca,en-CA;fr-CA,aligned;client;corrected;domain;project;subject;x-source;x-tag-complexity;x-tmx-group,,False,False
MATCHED,alignment_text_fingerprint,high,,62,62,C-063,eIyEMZ4BXb1gYwgPMsf7,Y,Y,1daa0fb814fd7aa9,36ae1ce8fe837e25,20,18,-2,bpt;bpt;bpt;bpt;bpt;bpt;bpt;bpt;ept;ept;ept;ept;ept;ept;ept;ept;it;it;ph;ph,bpt;bpt;bpt;bpt;bpt;bpt;bpt;bpt;ept;ept;ept;ept;ept;ept;ept;ept;ph;ph,en-ca;fr-ca,en-CA;fr-CA,aligned;client;corrected;domain;project;subject;x-source;x-tag-complexity;x-tmx-group,,False,False
MATCHED,sequence_similarity,high,1.0,63,63,C-064,eYyEMZ4BXb1gYwgPMsf7,Y,Y,065f47810216c14e,77aa816dbd251ad0,20,18,-2,bpt;bpt;bpt;bpt;bpt;bpt;bpt;bpt;ept;ept;ept;ept;ept;ept;ept;ept;it;it;ph;ph,bpt;bpt;bpt;bpt;bpt;bpt;bpt;bpt;ept;ept;ept;ept;ept;ept;ept;ept;ph;ph,en-ca;fr-ca,en-CA;fr-CA,aligned;client;corrected;domain;project;subject;x-source;x-tag-complexity;x-tmx-group,,False,False
MATCHED,alignment_text_fingerprint,high,,64,64,C-065,eoyEMZ4BXb1gYwgPMsf7,Y,Y,baf6e18d144139fc,954715627ed5d2e4,20,18,-2,bpt;bpt;bpt;bpt;bpt;bpt;bpt;bpt;ept;ept;ept;ept;ept;ept;ept;ept;it;it;ph;ph,bpt;bpt;bpt;bpt;bpt;bpt;bpt;bpt;ept;ept;ept;ept;ept;ept;ept;ept;ph;ph,en-ca;fr-ca,en-CA;fr-CA,aligned;client;corrected;domain;project;subject;x-source;x-tag-complexity;x-tmx-group,,False,False
MATCHED,alignment_text_fingerprint,high,,65,65,C-067,e4yEMZ4BXb1gYwgPMsf7,Y,Y,9f47492394ff6539,f642fa8d7dce6d17,20,18,-2,bpt;bpt;bpt;bpt;bpt;bpt;bpt;bpt;ept;ept;ept;ept;ept;ept;ept;ept;it;it;ph;ph,bpt;bpt;bpt;bpt;bpt;bpt;bpt;bpt;ept;ept;ept;ept;ept;ept;ept;ept;ph;ph,en-ca;fr-ca,en-CA;fr-CA,aligned;client;corrected;domain;project;subject;x-source;x-tag-complexity;x-tmx-group,,False,False
MATCHED,alignment_text_fingerprint,high,,66,66,C-068,fIyEMZ4BXb1gYwgPMsf7,Y,Y,74b40d0c38f8f35d,b3d493b90339bdd8,20,18,-2,bpt;bpt;bpt;bpt;bpt;bpt;bpt;bpt;ept;ept;ept;ept;ept;ept;ept;ept;it;it;ph;ph,bpt;bpt;bpt;bpt;bpt;bpt;bpt;bpt;ept;ept;ept;ept;ept;ept;ept;ept;ph;ph,en-ca;fr-ca,en-CA;fr-CA,aligned;client;corrected;domain;project;subject;x-source;x-tag-complexity;x-tmx-group,,False,False
MATCHED,alignment_text_fingerprint,high,,67,67,C-069,fYyEMZ4BXb1gYwgPMsf7,Y,Y,a0e275036b7b26a7,1b1bc8562dbcb3ee,20,18,-2,bpt;bpt;bpt;bpt;bpt;bpt;bpt;bpt;ept;ept;ept;ept;ept;ept;ept;ept;it;it;ph;ph,bpt;bpt;bpt;bpt;bpt;bpt;bpt;bpt;ept;ept;ept;ept;ept;ept;ept;ept;ph;ph,en-ca;fr-ca,en-CA;fr-CA,aligned;client;corrected;domain;project;subject;x-source;x-tag-complexity;x-tmx-group,,False,False
MATCHED,alignment_text_fingerprint,high,,68,68,C-070,foyEMZ4BXb1gYwgPMsf7,Y,Y,12ee535738efedf9,3f0513c3858ce672,10,10,0,bpt;bpt;bpt;bpt;ept;ept;ept;ept;ph;ph,bpt;bpt;bpt;bpt;ept;ept;ept;ept;ph;ph,en-ca;fr-ca,en-CA;fr-CA,aligned;client;corrected;domain;project;subject;x-source;x-tag-complexity;x-tmx-group,,False,False
MATCHED,alignment_text_fingerprint,high,,69,69,C-071,f4yEMZ4BXb1gYwgPMsf7,Y,Y,77de49b42db30478,02332666728e03a9,20,18,-2,bpt;bpt;bpt;bpt;bpt;bpt;bpt;bpt;ept;ept;ept;ept;ept;ept;ept;ept;it;it;ph;ph,bpt;bpt;bpt;bpt;bpt;bpt;bpt;bpt;ept;ept;ept;ept;ept;ept;ept;ept;ph;ph,en-ca;fr-ca,en-CA;fr-CA,aligned;client;corrected;domain;project;subject;x-source;x-tag-complexity;x-tmx-group,,False,False
MATCHED,alignment_text_fingerprint,high,,70,70,C-072,gIyEMZ4BXb1gYwgPMsf7,Y,Y,5935647b46b1e894,14b2ed2144a08aa7,12,10,-2,bpt;bpt;bpt;bpt;ept;ept;ept;ept;it;it;ph;ph,bpt;bpt;bpt;bpt;ept;ept;ept;ept;ph;ph,en-ca;fr-ca,en-CA;fr-CA,aligned;client;corrected;domain;project;subject;x-source;x-tag-complexity;x-tmx-group,,False,False
MATCHED,alignment_text_fingerprint,high,,71,71,C-073,gYyEMZ4BXb1gYwgPMsf7,Y,Y,4a97909e246c5221,6712f8580d719941,20,18,-2,bpt;bpt;bpt;bpt;bpt;bpt;bpt;bpt;ept;ept;ept;ept;ept;ept;ept;ept;it;it;ph;ph,bpt;bpt;bpt;bpt;bpt;bpt;bpt;bpt;ept;ept;ept;ept;ept;ept;ept;ept;ph;ph,en-ca;fr-ca,en-CA;fr-CA,aligned;client;corrected;domain;project;subject;x-source;x-tag-complexity;x-tmx-group,,False,False
MATCHED,alignment_text_fingerprint,high,,72,72,C-074,goyEMZ4BXb1gYwgPMsf7,Y,Y,8d7754bdd4fe8710,c56c5e7606bbeeb4,20,18,-2,bpt;bpt;bpt;bpt;bpt;bpt;bpt;bpt;ept;ept;ept;ept;ept;ept;ept;ept;it;it;ph;ph,bpt;bpt;bpt;bpt;bpt;bpt;bpt;bpt;ept;ept;ept;ept;ept;ept;ept;ept;ph;ph,en-ca;fr-ca,en-CA;fr-CA,aligned;client;corrected;domain;project;subject;x-source;x-tag-complexity;x-tmx-group,,False,False
MATCHED,alignment_text_fingerprint,high,,73,73,C-075,g4yEMZ4BXb1gYwgPMsf7,Y,Y,36457c943e162adf,db471384bc2edc8d,20,18,-2,bpt;bpt;bpt;bpt;bpt;bpt;bpt;bpt;ept;ept;ept;ept;ept;ept;ept;ept;it;it;ph;ph,bpt;bpt;bpt;bpt;bpt;bpt;bpt;bpt;ept;ept;ept;ept;ept;ept;ept;ept;ph;ph,en-ca;fr-ca,en-CA;fr-CA,aligned;client;corrected;domain;project;subject;x-source;x-tag-complexity;x-tmx-group,,False,False
MATCHED,alignment_text_fingerprint,high,,74,74,C-076,hIyEMZ4BXb1gYwgPMsf7,Y,Y,fc9f5155cee821ae,e495ac6331ae60be,20,18,-2,bpt;bpt;bpt;bpt;bpt;bpt;bpt;bpt;ept;ept;ept;ept;ept;ept;ept;ept;it;it;ph;ph,bpt;bpt;bpt;bpt;bpt;bpt;bpt;bpt;ept;ept;ept;ept;ept;ept;ept;ept;ph;ph,en-ca;fr-ca,en-CA;fr-CA,aligned;client;corrected;domain;project;subject;x-source;x-tag-complexity;x-tmx-group,,False,False
MATCHED,alignment_text_fingerprint,high,,75,75,C-077,hYyEMZ4BXb1gYwgPMsf7,Y,Y,4c5b15f7199a80a2,ed6eac850029f1d8,20,18,-2,bpt;bpt;bpt;bpt;bpt;bpt;bpt;bpt;ept;ept;ept;ept;ept;ept;ept;ept;it;it;ph;ph,bpt;bpt;bpt;bpt;bpt;bpt;bpt;bpt;ept;ept;ept;ept;ept;ept;ept;ept;ph;ph,en-ca;fr-ca,en-CA;fr-CA,aligned;client;corrected;domain;project;subject;x-source;x-tag-complexity;x-tmx-group,,False,False
MATCHED,alignment_text_fingerprint,high,,76,76,C-078,hoyEMZ4BXb1gYwgPMsf7,Y,Y,e6c8cbbe77711d20,c10476cec9369d17,12,10,-2,bpt;bpt;bpt;bpt;ept;ept;ept;ept;it;it;ph;ph,bpt;bpt;bpt;bpt;ept;ept;ept;ept;ph;ph,en-ca;fr-ca,en-CA;fr-CA,aligned;client;corrected;domain;project;subject;x-source;x-tag-complexity;x-tmx-group,,False,False
MATCHED,sequence_similarity,high,1.0,77,77,C-079,h4yEMZ4BXb1gYwgPMsf7,Y,Y,b973f0cf9b5a8743,bc45bdcbe5553298,20,18,-2,bpt;bpt;bpt;bpt;bpt;bpt;bpt;bpt;ept;ept;ept;ept;ept;ept;ept;ept;it;it;ph;ph,bpt;bpt;bpt;bpt;bpt;bpt;bpt;bpt;ept;ept;ept;ept;ept;ept;ept;ept;ph;ph,en-ca;fr-ca,en-CA;fr-CA,aligned;client;corrected;domain;project;subject;x-source;x-tag-complexity;x-tmx-group,,False,False
MATCHED,alignment_text_fingerprint,high,,78,78,C-080,iIyEMZ4BXb1gYwgPMsf7,Y,Y,e9b2755afa6ca64e,3124c4e0a21cf82e,20,18,-2,bpt;bpt;bpt;bpt;bpt;bpt;bpt;bpt;ept;ept;ept;ept;ept;ept;ept;ept;it;it;ph;ph,bpt;bpt;bpt;bpt;bpt;bpt;bpt;bpt;ept;ept;ept;ept;ept;ept;ept;ept;ph;ph,en-ca;fr-ca,en-CA;fr-CA,aligned;client;corrected;domain;project;subject;x-source;x-tag-complexity;x-tmx-group,,False,False
MATCHED,alignment_text_fingerprint,high,,79,79,C-081,iYyEMZ4BXb1gYwgPMsf7,Y,Y,cb93b0841d38420f,80133537b26a268e,20,18,-2,bpt;bpt;bpt;bpt;bpt;bpt;bpt;bpt;ept;ept;ept;ept;ept;ept;ept;ept;it;it;ph;ph,bpt;bpt;bpt;bpt;bpt;bpt;bpt;bpt;ept;ept;ept;ept;ept;ept;ept;ept;ph;ph,en-ca;fr-ca,en-CA;fr-CA,aligned;client;corrected;domain;project;subject;x-source;x-tag-complexity;x-tmx-group,,False,False
MATCHED,alignment_text_fingerprint,high,,80,80,C-082,ioyEMZ4BXb1gYwgPMsf7,Y,Y,691ad6536d54cda4,cf7ae918b4622dd3,20,18,-2,bpt;bpt;bpt;bpt;bpt;bpt;bpt;bpt;ept;ept;ept;ept;ept;ept;ept;ept;it;it;ph;ph,bpt;bpt;bpt;bpt;bpt;bpt;bpt;bpt;ept;ept;ept;ept;ept;ept;ept;ept;ph;ph,en-ca;fr-ca,en-CA;fr-CA,aligned;client;corrected;domain;project;subject;x-source;x-tag-complexity;x-tmx-group,,False,False
MATCHED,alignment_text_fingerprint,high,,81,81,C-083,i4yEMZ4BXb1gYwgPMsf7,Y,Y,3807b72615be8173,f94bb68807e853e5,20,18,-2,bpt;bpt;bpt;bpt;bpt;bpt;bpt;bpt;ept;ept;ept;ept;ept;ept;ept;ept;it;it;ph;ph,bpt;bpt;bpt;bpt;bpt;bpt;bpt;bpt;ept;ept;ept;ept;ept;ept;ept;ept;ph;ph,en-ca;fr-ca,en-CA;fr-CA,aligned;client;corrected;domain;project;subject;x-source;x-tag-complexity;x-tmx-group,,False,False
MATCHED,sequence_similarity,high,0.9864,82,82,C-084,jIyEMZ4BXb1gYwgPMsf7,Y,Y,83512bd73a6cbc99,39ed22eb24bebf69,20,18,-2,bpt;bpt;bpt;bpt;bpt;bpt;bpt;bpt;ept;ept;ept;ept;ept;ept;ept;ept;it;it;ph;ph,bpt;bpt;bpt;bpt;bpt;bpt;bpt;bpt;ept;ept;ept;ept;ept;ept;ept;ept;ph;ph,en-ca;fr-ca,en-CA;fr-CA,aligned;client;corrected;domain;project;subject;x-source;x-tag-complexity;x-tmx-group,,False,False
MATCHED,alignment_text_fingerprint,high,,83,83,C-085,jYyEMZ4BXb1gYwgPMsf7,Y,Y,4c2a2aa6b8a55032,f7815d401e7cbb92,12,10,-2,bpt;bpt;bpt;bpt;ept;ept;ept;ept;it;it;ph;ph,bpt;bpt;bpt;bpt;ept;ept;ept;ept;ph;ph,en-ca;fr-ca,en-CA;fr-CA,aligned;client;corrected;domain;project;subject;x-source;x-tag-complexity;x-tmx-group,,False,False
MATCHED,alignment_text_fingerprint,high,,84,84,C-086,joyEMZ4BXb1gYwgPMsf7,Y,Y,e2d49c45041c1ed6,ff5b99e12912ff15,20,18,-2,bpt;bpt;bpt;bpt;bpt;bpt;bpt;bpt;ept;ept;ept;ept;ept;ept;ept;ept;it;it;ph;ph,bpt;bpt;bpt;bpt;bpt;bpt;bpt;bpt;ept;ept;ept;ept;ept;ept;ept;ept;ph;ph,en-ca;fr-ca,en-CA;fr-CA,aligned;client;corrected;domain;project;subject;x-source;x-tag-complexity;x-tmx-group,,False,False
MATCHED,alignment_text_fingerprint,high,,85,85,C-087,j4yEMZ4BXb1gYwgPMsf7,Y,Y,bec225a45d8ed485,67b2d84e675d309d,20,18,-2,bpt;bpt;bpt;bpt;bpt;bpt;bpt;bpt;ept;ept;ept;ept;ept;ept;ept;ept;it;it;ph;ph,bpt;bpt;bpt;bpt;bpt;bpt;bpt;bpt;ept;ept;ept;ept;ept;ept;ept;ept;ph;ph,en-ca;fr-ca,en-CA;fr-CA,aligned;client;corrected;domain;project;subject;x-source;x-tag-complexity;x-tmx-group,,False,False
MATCHED,alignment_text_fingerprint,high,,86,86,C-088,kIyEMZ4BXb1gYwgPMsf7,Y,Y,ee94786a600ea603,2d72edc4da0c2d89,20,18,-2,bpt;bpt;bpt;bpt;bpt;bpt;bpt;bpt;ept;ept;ept;ept;ept;ept;ept;ept;it;it;ph;ph,bpt;bpt;bpt;bpt;bpt;bpt;bpt;bpt;ept;ept;ept;ept;ept;ept;ept;ept;ph;ph,en-ca;fr-ca,en-CA;fr-CA,aligned;client;corrected;domain;project;subject;x-source;x-tag-complexity;x-tmx-group,,False,False
MATCHED,alignment_text_fingerprint,high,,87,87,C-089,kYyEMZ4BXb1gYwgPMsf7,Y,Y,e2e10554732d02d7,1381eefbfe916f55,12,10,-2,bpt;bpt;bpt;bpt;ept;ept;ept;ept;it;it;ph;ph,bpt;bpt;bpt;bpt;ept;ept;ept;ept;ph;ph,en-ca;fr-ca,en-CA;fr-CA,aligned;client;corrected;domain;project;subject;x-source;x-tag-complexity;x-tmx-group,,False,False
MATCHED,alignment_text_fingerprint,high,,88,88,C-090,koyEMZ4BXb1gYwgPMsf7,Y,Y,cad26739c5026968,7c15b9f96ce6cf89,20,18,-2,bpt;bpt;bpt;bpt;bpt;bpt;bpt;bpt;ept;ept;ept;ept;ept;ept;ept;ept;it;it;ph;ph,bpt;bpt;bpt;bpt;bpt;bpt;bpt;bpt;ept;ept;ept;ept;ept;ept;ept;ept;ph;ph,en-ca;fr-ca,en-CA;fr-CA,aligned;client;corrected;domain;project;subject;x-source;x-tag-complexity;x-tmx-group,,False,False
MATCHED,alignment_text_fingerprint,high,,89,89,C-091,k4yEMZ4BXb1gYwgPMsf7,Y,Y,9dd645fba8455b11,74b4bdcb8ed629eb,12,10,-2,bpt;bpt;bpt;bpt;ept;ept;ept;ept;it;it;ph;ph,bpt;bpt;bpt;bpt;ept;ept;ept;ept;ph;ph,en-ca;fr-ca,en-CA;fr-CA,aligned;client;corrected;domain;project;subject;x-source;x-tag-complexity;x-tmx-group,,False,False
MATCHED,alignment_text_fingerprint,high,,90,90,C-092,lIyEMZ4BXb1gYwgPMsf7,Y,Y,e45d5046606e52ab,87855109e4f0d109,12,10,-2,bpt;bpt;bpt;bpt;ept;ept;ept;ept;it;it;ph;ph,bpt;bpt;bpt;bpt;ept;ept;ept;ept;ph;ph,en-ca;fr-ca,en-CA;fr-CA,aligned;client;corrected;domain;project;subject;x-source;x-tag-complexity;x-tmx-group,,False,False
MATCHED,alignment_text_fingerprint,high,,91,91,C-093,lYyEMZ4BXb1gYwgPMsf7,Y,Y,e2464e9591937e82,cf91dfcf1ea5c761,16,14,-2,bpt;bpt;bpt;bpt;bpt;bpt;ept;ept;ept;ept;ept;ept;it;it;ph;ph,bpt;bpt;bpt;bpt;bpt;bpt;ept;ept;ept;ept;ept;ept;ph;ph,en-ca;fr-ca,en-CA;fr-CA,aligned;client;corrected;domain;project;subject;x-source;x-tag-complexity;x-tmx-group,,False,False
MATCHED,alignment_text_fingerprint,high,,92,92,C-094,loyEMZ4BXb1gYwgPMsf7,Y,Y,241882c17d97c56e,6761d6701c1a3075,12,10,-2,bpt;bpt;bpt;bpt;ept;ept;ept;ept;it;it;ph;ph,bpt;bpt;bpt;bpt;ept;ept;ept;ept;ph;ph,en-ca;fr-ca,en-CA;fr-CA,aligned;client;corrected;domain;project;subject;x-source;x-tag-complexity;x-tmx-group,,False,False
MATCHED,sequence_similarity,high,0.9796,93,93,C-095,l4yEMZ4BXb1gYwgPMsf7,Y,Y,2464d89090da9386,d85ef53f4d215b72,20,18,-2,bpt;bpt;bpt;bpt;bpt;bpt;bpt;bpt;ept;ept;ept;ept;ept;ept;ept;ept;it;it;ph;ph,bpt;bpt;bpt;bpt;bpt;bpt;bpt;bpt;ept;ept;ept;ept;ept;ept;ept;ept;ph;ph,en-ca;fr-ca,en-CA;fr-CA,aligned;client;corrected;domain;project;subject;x-source;x-tag-complexity;x-tmx-group,,False,False
MATCHED,alignment_text_fingerprint,high,,94,94,C-096,mIyEMZ4BXb1gYwgPMsf7,Y,Y,02e14e108344e3c9,abb8471cc8f5ec97,18,18,0,bpt;bpt;bpt;bpt;bpt;bpt;bpt;bpt;ept;ept;ept;ept;ept;ept;ept;ept;ph;ph,bpt;bpt;bpt;bpt;bpt;bpt;bpt;bpt;ept;ept;ept;ept;ept;ept;ept;ept;ph;ph,en-ca;fr-ca,en-CA;fr-CA,aligned;client;corrected;domain;project;subject;x-source;x-tag-complexity;x-tmx-group,,False,False
MATCHED,alignment_text_fingerprint,high,,95,95,C-097,mYyEMZ4BXb1gYwgPMsf7,Y,Y,14c9b66758e3ed0d,db7db4dae88405ae,12,10,-2,bpt;bpt;bpt;bpt;ept;ept;ept;ept;it;it;ph;ph,bpt;bpt;bpt;bpt;ept;ept;ept;ept;ph;ph,en-ca;fr-ca,en-CA;fr-CA,aligned;client;corrected;domain;project;subject;x-source;x-tag-complexity;x-tmx-group,,False,False
MATCHED,alignment_text_fingerprint,high,,96,96,C-098,moyEMZ4BXb1gYwgPMsf7,Y,Y,3c23a68764ca508c,1f4e049b7aa87c2e,20,18,-2,bpt;bpt;bpt;bpt;bpt;bpt;bpt;bpt;ept;ept;ept;ept;ept;ept;ept;ept;it;it;ph;ph,bpt;bpt;bpt;bpt;bpt;bpt;bpt;bpt;ept;ept;ept;ept;ept;ept;ept;ept;ph;ph,en-ca;fr-ca,en-CA;fr-CA,aligned;client;corrected;domain;project;subject;x-source;x-tag-complexity;x-tmx-group,,False,False
MATCHED,alignment_text_fingerprint,high,,97,97,C-099,m4yEMZ4BXb1gYwgPMsf7,Y,Y,c273a80645131346,d6677426cde42c0c,20,18,-2,bpt;bpt;bpt;bpt;bpt;bpt;bpt;bpt;ept;ept;ept;ept;ept;ept;ept;ept;it;it;ph;ph,bpt;bpt;bpt;bpt;bpt;bpt;bpt;bpt;ept;ept;ept;ept;ept;ept;ept;ept;ph;ph,en-ca;fr-ca,en-CA;fr-CA,aligned;client;corrected;domain;project;subject;x-source;x-tag-complexity;x-tmx-group,,False,False
MATCHED,alignment_text_fingerprint,high,,98,98,C-100,nIyEMZ4BXb1gYwgPMsf7,Y,Y,2c90315272340c74,5985936a00854ea6,20,18,-2,bpt;bpt;bpt;bpt;bpt;bpt;bpt;bpt;ept;ept;ept;ept;ept;ept;ept;ept;it;it;ph;ph,bpt;bpt;bpt;bpt;bpt;bpt;bpt;bpt;ept;ept;ept;ept;ept;ept;ept;ept;ph;ph,en-ca;fr-ca,en-CA;fr-CA,aligned;client;corrected;domain;project;subject;x-source;x-tag-complexity;x-tmx-group,,False,False
